escenario,servidores,p95,p99,throughput,utilizacion_porcentaje,errores,tasa_errores_porcentaje,cumple_sla
baja,1,177.311,182.4703,0.2385,99.05,484,96.8,NO
baja,2,9.1398,10.9103,0.2601,54.01,0,0.0,SI
baja,3,7.546,9.4672,0.2601,36.01,0,0.0,SI
baja,4,7.3657,9.4672,0.2601,27.0,0,0.0,SI
baja,5,7.3657,9.4672,0.2601,21.6,0,0.0,SI
baja,6,7.3657,9.4672,0.2601,18.0,0,0.0,SI
baja,7,7.3657,9.4672,0.2601,15.43,0,0.0,SI
baja,8,7.3657,9.4672,0.2601,13.5,0,0.0,SI
media,1,929.7695,964.7059,0.2407,99.86,987,98.7,NO
media,2,12.1818,15.7373,0.3142,65.19,13,1.3,NO
media,3,7.9712,10.2758,0.3142,43.46,0,0.0,SI
media,4,7.5751,9.7376,0.3142,32.6,0,0.0,SI
media,5,7.5471,9.7285,0.3142,26.08,0,0.0,SI
media,6,7.5471,9.7285,0.3142,21.73,0,0.0,SI
media,7,7.5471,9.7285,0.3142,18.63,0,0.0,SI
media,8,7.5471,9.7285,0.3142,16.3,0,0.0,SI
alta,1,5076.86,5309.0677,0.2406,99.98,1996,99.8,NO
alta,2,1143.5842,1194.289,0.4808,99.89,1987,99.35,NO
alta,3,35.7897,42.9008,0.6753,93.53,621,31.05,NO
alta,4,8.6971,11.1839,0.6759,70.21,0,0.0,SI
alta,5,7.6624,9.865,0.6762,56.19,0,0.0,SI
alta,6,7.4478,9.5859,0.6762,46.83,0,0.0,SI
alta,7,7.3855,9.5785,0.6762,40.14,0,0.0,SI
alta,8,7.363,9.5785,0.6762,35.12,0,0.0,SI
